estate_code,device_ref,name,category,type,provider,location,home_ref,room_ref,zone_ref,edge_node_id,adapter,external_id,status,sync_state,notes
LUNA_RESIDENCES,LUNA-L06-APT-A-ENTRY-LOCK-01,Entrance Smart Lock,Smart Entrance Lock,lock,,,LUNA-L06-APT-A,LUNA-L06-APT-A-ENTRY,,,placeholder,LUNA-L06-APT-A-ENTRY-LOCK-01,pending,pending_integration,"Phase 3B representative smart apartment proof — simulated/local prototype, not connected to real hardware"
LUNA_RESIDENCES,LUNA-L06-APT-A-ENTRY-INTERCOM-01,Video Intercom / Doorbell,Video Intercom / Doorbell,camera,,,LUNA-L06-APT-A,LUNA-L06-APT-A-ENTRY,,,placeholder,LUNA-L06-APT-A-ENTRY-INTERCOM-01,pending,pending_integration,"Phase 3B representative smart apartment proof — simulated/local prototype, not connected to real hardware"
LUNA_RESIDENCES,LUNA-L06-APT-A-LIVING-LIGHT-01,Living Room Light Circuit 1,Living Room Lighting Circuit,light,,,LUNA-L06-APT-A,LUNA-L06-APT-A-LIVING,,,placeholder,LUNA-L06-APT-A-LIVING-LIGHT-01,pending,pending_integration,"Phase 3B representative smart apartment proof — simulated/local prototype, not connected to real hardware"
LUNA_RESIDENCES,LUNA-L06-APT-A-LIVING-LIGHT-02,Living Room Light Circuit 2,Living Room Lighting Circuit,light,,,LUNA-L06-APT-A,LUNA-L06-APT-A-LIVING,,,placeholder,LUNA-L06-APT-A-LIVING-LIGHT-02,pending,pending_integration,"Phase 3B representative smart apartment proof — simulated/local prototype, not connected to real hardware"
LUNA_RESIDENCES,LUNA-L06-APT-A-KITCHEN-LIGHT-01,Kitchen Light Circuit,Kitchen Lighting Circuit,light,,,LUNA-L06-APT-A,LUNA-L06-APT-A-KITCHEN,,,placeholder,LUNA-L06-APT-A-KITCHEN-LIGHT-01,pending,pending_integration,"Phase 3B representative smart apartment proof — simulated/local prototype, not connected to real hardware"
LUNA_RESIDENCES,LUNA-L06-APT-A-BED-01-LIGHT-01,Primary Bedroom Light Circuit,Bedroom Lighting Circuit,light,,,LUNA-L06-APT-A,LUNA-L06-APT-A-BED-01,,,placeholder,LUNA-L06-APT-A-BED-01-LIGHT-01,pending,pending_integration,"Phase 3B representative smart apartment proof — simulated/local prototype, not connected to real hardware"
LUNA_RESIDENCES,LUNA-L06-APT-A-BED-02-LIGHT-01,Bedroom 2 Light Circuit,Bedroom Lighting Circuit,light,,,LUNA-L06-APT-A,LUNA-L06-APT-A-BED-02,,,placeholder,LUNA-L06-APT-A-BED-02-LIGHT-01,pending,pending_integration,"Phase 3B representative smart apartment proof — simulated/local prototype, not connected to real hardware"
LUNA_RESIDENCES,LUNA-L06-APT-A-BED-03-LIGHT-01,Bedroom 3 Light Circuit,Bedroom Lighting Circuit,light,,,LUNA-L06-APT-A,LUNA-L06-APT-A-BED-03,,,placeholder,LUNA-L06-APT-A-BED-03-LIGHT-01,pending,pending_integration,"Phase 3B representative smart apartment proof — simulated/local prototype, not connected to real hardware"
LUNA_RESIDENCES,LUNA-L06-APT-A-LIVING-CURTAIN-01,Living Room Curtain,Smart Curtain / Blind,curtain,,,LUNA-L06-APT-A,LUNA-L06-APT-A-LIVING,,,placeholder,LUNA-L06-APT-A-LIVING-CURTAIN-01,pending,pending_integration,"Phase 3B representative smart apartment proof — simulated/local prototype, not connected to real hardware"
LUNA_RESIDENCES,LUNA-L06-APT-A-BED-01-CURTAIN-01,Primary Bedroom Curtain,Smart Curtain / Blind,curtain,,,LUNA-L06-APT-A,LUNA-L06-APT-A-BED-01,,,placeholder,LUNA-L06-APT-A-BED-01-CURTAIN-01,pending,pending_integration,"Phase 3B representative smart apartment proof — simulated/local prototype, not connected to real hardware"
LUNA_RESIDENCES,LUNA-L06-APT-A-LIVING-AC-01,Living Room AC,Living Room HVAC,climate,,,LUNA-L06-APT-A,LUNA-L06-APT-A-LIVING,,,placeholder,LUNA-L06-APT-A-LIVING-AC-01,pending,pending_integration,"Phase 3B representative smart apartment proof — simulated/local prototype, not connected to real hardware"
LUNA_RESIDENCES,LUNA-L06-APT-A-BED-01-AC-01,Primary Bedroom AC,Primary Bedroom HVAC,climate,,,LUNA-L06-APT-A,LUNA-L06-APT-A-BED-01,,,placeholder,LUNA-L06-APT-A-BED-01-AC-01,pending,pending_integration,"Phase 3B representative smart apartment proof — simulated/local prototype, not connected to real hardware"
LUNA_RESIDENCES,LUNA-L06-APT-A-LIVING-TH-01,Living Room Temperature & Humidity Sensor,Temperature & Humidity Sensor,sensor,,,LUNA-L06-APT-A,LUNA-L06-APT-A-LIVING,,,placeholder,LUNA-L06-APT-A-LIVING-TH-01,pending,pending_integration,"Phase 3B representative smart apartment proof — simulated/local prototype, not connected to real hardware"
LUNA_RESIDENCES,LUNA-L06-APT-A-LIVING-OCC-01,Living Room Occupancy Sensor,Occupancy Sensor,sensor,,,LUNA-L06-APT-A,LUNA-L06-APT-A-LIVING,,,placeholder,LUNA-L06-APT-A-LIVING-OCC-01,pending,pending_integration,"Phase 3B representative smart apartment proof — simulated/local prototype, not connected to real hardware"
LUNA_RESIDENCES,LUNA-L06-APT-A-ENTRY-SMOKE-01,Entry Smoke Detector,Smoke Detector,sensor,,,LUNA-L06-APT-A,LUNA-L06-APT-A-ENTRY,,,placeholder,LUNA-L06-APT-A-ENTRY-SMOKE-01,pending,pending_integration,"Phase 3B representative smart apartment proof — simulated/local prototype, not connected to real hardware"
LUNA_RESIDENCES,LUNA-L06-APT-A-KITCHEN-LEAK-01,Kitchen Leak Sensor,Leak Sensor,sensor,,,LUNA-L06-APT-A,LUNA-L06-APT-A-KITCHEN,,,placeholder,LUNA-L06-APT-A-KITCHEN-LEAK-01,pending,pending_integration,"Phase 3B representative smart apartment proof — simulated/local prototype, not connected to real hardware"
LUNA_RESIDENCES,LUNA-L06-APT-A-UTILITY-VALVE-01,Water Isolation Valve,Water Isolation Valve,switch,,,LUNA-L06-APT-A,LUNA-L06-APT-A-UTILITY,,,placeholder,LUNA-L06-APT-A-UTILITY-VALVE-01,pending,pending_integration,"Phase 3B representative smart apartment proof — simulated/local prototype, not connected to real hardware"
LUNA_RESIDENCES,LUNA-L06-APT-A-METER-ELEC-01,Apartment Electricity Meter,Electricity Meter,energy_meter,,,LUNA-L06-APT-A,,,,placeholder,LUNA-L06-APT-A-METER-ELEC-01,pending,pending_integration,"Phase 3B representative smart apartment proof — simulated/local prototype, not connected to real hardware"
LUNA_RESIDENCES,LUNA-L06-APT-A-METER-WATER-01,Apartment Water Meter,Water Meter,water_meter,,,LUNA-L06-APT-A,,,,placeholder,LUNA-L06-APT-A-METER-WATER-01,pending,pending_integration,"Phase 3B representative smart apartment proof — simulated/local prototype, not connected to real hardware"
